<?xml version="1.0" encoding="UTF-8" ?>
<!DOCTYPE struts PUBLIC
		"-//Apache Software Foundation//DTD Struts Configuration 2.5//EN"
        "http://struts.apache.org/dtds/struts-2.5.dtd">
<struts>
	<constant name="struts.enable.DynamicMethodInvocation"
		value="false" />
	<constant name="struts.devMode" value="false" />
	<constant name="struts.custom.i18n.resources"
		value="ApplicationResources" />
		
	<!-- http://localhost:8180/struts2Example/login/login.action -->
	<package name="login" namespace="/login" extends="struts-default">
		<action name="login">
			<result>jsp/login.jsp</result>
		</action>
		<action name="Welcome" class="com.example.action.LoginAction">
			<result name="SUCCESS">jsp/welcome.jsp</result>
		</action>
	</package>

</struts>